appid,name,type,required_age,is_free,short_description,capsule_image,developers,publishers,release_date,platforms,metacritic_score,categories,genres,price,movies
1097150,Fall Guys,game,0,False,"Fall guys is a free, cross-platform massively multiplayer party royale game. clumsily compete in absurd obstacle courses with friends or build your very own chaotic course to share with the community.",https://shared.akamai.steamstatic.com/store_item_assets/steam/apps/1097150/capsule_231x87.jpg?t=1698763175,Mediatonic,,"Aug 3, 2020","windows, mac, linux",80,"Multi-player, MMO, PvP, Online PvP, Co-op, Online Co-op, Steam Achievements, In-App Purchases, Partial Controller Support, Remote Play on Phone, Remote Play on Tablet","Action, Casual, Indie, Massively Multiplayer, Sports",N/A,N/A
381210,Dead by Daylight,game,17,False,"Dead by daylight is a multiplayer (4vs1) horror game where one player takes on the role of the savage killer, and the other four players play as survivors, trying to escape the killer and avoid being caught and killed.",https://shared.akamai.steamstatic.com/store_item_assets/steam/apps/381210/capsule_231x87.jpg?t=1730209905,Behaviour Interactive Inc.,Behaviour Interactive Inc.,"Jun 14, 2016","windows, mac, linux",N/A,"Multi-player, PvP, Online PvP, Co-op, Online Co-op, Cross-Platform Multiplayer, Steam Achievements, Full controller support, Steam Trading Cards, Steam Cloud, Remote Play on Phone, Remote Play on Tablet, Remote Play on TV, Family Sharing",Action,$19.99,http://video.akamai.steamstatic.com/store_trailers/257050021/movie_max_vp9.webm?t=1724775452
301520,Robocraft,game,0,True,"Build insane, fully customisable robot battle vehicles that drive, hover, walk and fly in the free-to-play action game robocraft. add weapons from the future and jump in the driving seat as you take your creation into battle against other players online!",https://shared.akamai.steamstatic.com/store_item_assets/steam/apps/301520/capsule_231x87.jpg?t=1717683908,Freejam,Freejam,"Aug 24, 2017","windows, mac, linux",N/A,"Multi-player, MMO, PvP, Online PvP, Co-op, Online Co-op, Steam Achievements, Steam Trading Cards, In-App Purchases","Action, Indie, Massively Multiplayer, RPG, Simulation, Free To Play",N/A,http://video.akamai.steamstatic.com/store_trailers/256693672/movie_max.webm?t=1542216653
413150,Stardew Valley,game,0,False,"You've inherited your grandfather's old farm plot in stardew valley. armed with hand-me-down tools and a few coins, you set out to begin your new life. can you learn to live off the land and turn these overgrown fields into a thriving home?",https://shared.akamai.steamstatic.com/store_item_assets/steam/apps/413150/capsule_231x87.jpg?t=1711128146,ConcernedApe,ConcernedApe,"26 Feb, 2016","windows, mac, linux",89,"Single-player, Multi-player, Co-op, Online Co-op, LAN Co-op, Shared/Split Screen Co-op, Shared/Split Screen, Steam Achievements, Full controller support, Steam Trading Cards, Steam Cloud, Remote Play on Phone, Remote Play on Tablet, Remote Play Together, Family Sharing","Indie, RPG, Simulation",$5.99 USD,http://video.akamai.steamstatic.com/store_trailers/256660296/movie_max.webm?t=1454099186
261550,Mount & Blade II: Bannerlord,game,0,False,"A strategy/action rpg. create a character, engage in diplomacy, craft, trade and conquer new lands in a vast medieval sandbox. raise armies to lead into battle and command and fight alongside your troops in massive real-time battles using a deep but intuitive skill-based combat system.",https://shared.akamai.steamstatic.com/store_item_assets/steam/apps/261550/capsule_231x87.jpg?t=1728556827,TaleWorlds Entertainment,TaleWorlds Entertainment,"Oct 25, 2022","windows, mac, linux",77,"Single-player, Multi-player, PvP, Online PvP, Steam Achievements, Steam Trading Cards, Steam Workshop, Partial Controller Support, Steam Cloud, Includes level editor, Remote Play on Tablet, Family Sharing","Action, Indie, RPG, Simulation, Strategy",$49.99,http://video.akamai.steamstatic.com/store_trailers/256910718/movie_max_vp9.webm?t=1666681395
204360,Castle Crashers®,game,0,False,"Hack, slash, and smash your way to victory in this award winning 2d arcade adventure from the behemoth!",https://shared.akamai.steamstatic.com/store_item_assets/steam/apps/204360/capsule_231x87.jpg?t=1729803017,The Behemoth,The Behemoth,"Sep 26, 2012","windows, mac, linux",N/A,"Single-player, Multi-player, PvP, Online PvP, Shared/Split Screen PvP, Co-op, Online Co-op, Shared/Split Screen Co-op, Shared/Split Screen, Steam Achievements, Full controller support, Steam Trading Cards, Steam Cloud, Steam Leaderboards, Remote Play on Phone, Remote Play on Tablet, Remote Play on TV, Remote Play Together, Family Sharing","Action, Adventure, Casual, Indie, RPG",$14.99,http://video.akamai.steamstatic.com/store_trailers/256657279/movie_max.webm?t=1447378482
107410,Arma 3,game,17,False,"Experience true combat gameplay in a massive military sandbox. deploying a wide variety of single- and multiplayer content, over 20 vehicles and 40 weapons, and limitless opportunities for content creation, this is the pc’s premier military game. authentic, diverse, open - arma 3 sends you to war.",https://shared.akamai.steamstatic.com/store_item_assets/steam/apps/107410/capsule_231x87.jpg?t=1731956655,Bohemia Interactive,Bohemia Interactive,"Sep 12, 2013","windows, mac, linux",74,"Single-player, Multi-player, PvP, Online PvP, LAN PvP, Co-op, Online Co-op, LAN Co-op, Steam Achievements, Steam Trading Cards, Captions available, Steam Workshop, Steam Leaderboards, Includes level editor","Action, Simulation, Strategy",$29.99,http://video.akamai.steamstatic.com/store_trailers/2029388/movie_max.webm?t=1447358827
582010,Monster Hunter: World,game,0,False,"Welcome to a new world! in monster hunter: world, the latest installment in the series, you can enjoy the ultimate hunting experience, using everything at your disposal to hunt monsters in a new world teeming with surprises and excitement.",https://shared.akamai.steamstatic.com/store_item_assets/steam/apps/582010/capsule_231x87.jpg?t=1730268377,"CAPCOM Co., Ltd.","CAPCOM Co., Ltd.","Aug 8, 2018","windows, mac, linux",88,"Single-player, Multi-player, Co-op, Steam Achievements, Steam Trading Cards, Partial Controller Support, Steam Cloud, Stats, Steam Leaderboards, Remote Play on Tablet, HDR available, Family Sharing",Action,$29.99,http://video.akamai.steamstatic.com/store_trailers/256769024/movie_max.webm?t=1578591085
272060,Serena,game,0,True,"How long has it been? a man sits in a distant getaway cabin waiting for his wife serena. where is she? things in the cabin evoke memories, and the husband comes to a disturbing realization... this short point-and-click adventure is the result of a massive collaborative effort between dozens of fans and designers of adventure games.",https://shared.akamai.steamstatic.com/store_item_assets/steam/apps/272060/capsule_231x87.jpg?t=1730388838,Senscape,Senscape,"Jan 30, 2014","windows, mac, linux",N/A,"Single-player, Family Sharing","Adventure, Indie",N/A,http://video.akamai.steamstatic.com/store_trailers/2030755/movie_max.webm?t=1447360139
1240440,Halo Infinite,game,0,True,"From one of gaming's most iconic sagas, halo is bigger than ever. featuring an expansive open-world campaign and a dynamic free to play multiplayer experience. ",https://shared.akamai.steamstatic.com/store_item_assets/steam/apps/1240440/b2973e3ed20f52e16484544c13d6b4b29d55a764/capsule_231x87.jpg?t=1730830074,343 Industries,Xbox Game Studios,"Nov 15, 2021","windows, mac, linux",N/A,"Multi-player, PvP, Online PvP, LAN PvP, Cross-Platform Multiplayer, Steam Achievements, Full controller support, In-App Purchases, Steam Cloud, Includes level editor, Remote Play on TV","Action, Free To Play",N/A,http://video.akamai.steamstatic.com/store_trailers/257070312/movie_max_vp9.webm?t=1730830064
1938090,Call of Duty®,game,17,False,"The call of duty® experience supports call of duty®: black ops 6, call of duty®: modern warfare® iii, call of duty®: modern warfare® ii and call of duty®: warzone™.",https://shared.akamai.steamstatic.com/store_item_assets/steam/apps/1938090/capsule_231x87.jpg?t=1731604848,"Treyarch, Raven Software, Beenox, High Moon Studios, Activision Shanghai, Sledgehammer Games, Infinity Ward, Demonware, Toys for Bob",Activision,"27 Oct, 2022","windows, mac, linux",N/A,"Single-player, Multi-player, PvP, Online PvP, Co-op, Online Co-op, Cross-Platform Multiplayer, Steam Achievements, Full controller support, Captions available, In-App Purchases",Action,N/A,http://video.akamai.steamstatic.com/store_trailers/257073269/movie_max_vp9.webm?t=1731603673
394360,Hearts of Iron IV,game,0,False,"Victory is at your fingertips! your ability to lead your nation is your supreme weapon, the strategy game hearts of iron iv lets you take command of any nation in world war ii; the most engaging conflict in world history.",https://shared.akamai.steamstatic.com/store_item_assets/steam/apps/394360/d63499ddaf322a6f7bcf9adf2e7d5876d5489beb/capsule_231x87_alt_assets_2.jpg?t=1731604776,Paradox Development Studio,Paradox Interactive,"Jun 6, 2016","windows, mac, linux",83,"Single-player, Multi-player, Co-op, Cross-Platform Multiplayer, Steam Achievements, Steam Trading Cards, Steam Workshop, Steam Cloud, Remote Play on Tablet, Family Sharing","Simulation, Strategy",$14.99,http://video.akamai.steamstatic.com/store_trailers/257012977/movie_max_vp9.webm?t=1712235668
227300,Euro Truck Simulator 2,game,0,False,"Travel across europe as king of the road, a trucker who delivers important cargo across impressive distances! with dozens of cities to explore, your endurance, skill and speed will all be pushed to their limits.",https://shared.akamai.steamstatic.com/store_item_assets/steam/apps/227300/capsule_231x87.jpg?t=1731601538,SCS Software,SCS Software,"12 Oct, 2012","windows, mac, linux",79,"Single-player, Multi-player, Co-op, Online Co-op, Steam Achievements, Steam Trading Cards, Steam Workshop, Partial Controller Support, Steam Cloud, Includes level editor, Remote Play on Phone, Remote Play on Tablet, Remote Play Together, Family Sharing","Indie, Simulation","₩ 24,800",http://video.akamai.steamstatic.com/store_trailers/257073821/movie_max_vp9.webm?t=1731601537
2358720,Black Myth: Wukong,game,0,False,"Black myth: wukong is an action rpg rooted in chinese mythology. you shall set out as the destined one to venture into the challenges and marvels ahead, to uncover the obscured truth beneath the veil of a glorious legend from the past.",https://shared.akamai.steamstatic.com/store_item_assets/steam/apps/2358720/b7f722ddd5e23503f598586aa3700dd4d827bb2d/capsule_231x87.jpg?t=1732286900,Game Science,Game Science,"Aug 19, 2024","windows, mac, linux",N/A,"Single-player, Steam Achievements, Full controller support, Steam Cloud, Family Sharing","Action, Adventure, RPG",$59.99,http://video.akamai.steamstatic.com/store_trailers/257048125/movie_max_vp9.webm?t=1729236218
49520,Borderlands 2,game,17,False,The ultimate vault hunter’s upgrade lets you get the most out of the borderlands 2 experience.,https://shared.akamai.steamstatic.com/store_item_assets/steam/apps/49520/capsule_231x87.jpg?t=1728608124,"Gearbox Software, Aspyr (Mac), Aspyr (Linux)","2K, Aspyr (Mac), Aspyr (Linux)","Sep 17, 2012","windows, mac, linux",89,"Single-player, Multi-player, Co-op, Steam Achievements, Full controller support, Steam Trading Cards, Steam Cloud, Remote Play on Phone, Remote Play on Tablet, Remote Play on TV, Family Sharing","Action, RPG",$19.99,http://video.akamai.steamstatic.com/store_trailers/2029699/movie_max.webm?t=1447359143
377160,Fallout 4,game,17,False,"Bethesda game studios, the award-winning creators of fallout 3 and the elder scrolls v: skyrim, welcome you to the world of fallout 4 – their most ambitious game ever, and the next generation of open-world gaming.",https://shared.akamai.steamstatic.com/store_item_assets/steam/apps/377160/capsule_231x87.jpg?t=1726758475,Bethesda Game Studios,Bethesda Softworks,"Nov 9, 2015","windows, mac, linux",84,"Single-player, Steam Achievements, Full controller support, Steam Cloud, Remote Play on Phone, Remote Play on Tablet, Remote Play on TV, Family Sharing",RPG,$19.99,http://video.akamai.steamstatic.com/store_trailers/256658080/movie_max.webm?t=1447378809
431960,Wallpaper Engine,game,0,False,Use stunning live wallpapers on your desktop. animate your own images to create new wallpapers or import videos/websites and share them on the steam workshop!,https://shared.akamai.steamstatic.com/store_item_assets/steam/apps/431960/capsule_231x87.jpg?t=1717097477,Wallpaper Engine Team,Wallpaper Engine Team,Nov 2018,"windows, mac, linux",N/A,"Steam Achievements, Steam Trading Cards, Steam Workshop, Steam Workshop, Includes level editor","Casual, Indie, Animation & Modeling, Design & Illustration, Photo Editing, Utilities",$2.79 USD,http://video.akamai.steamstatic.com/store_trailers/256735610/movie_max_vp9.webm?t=1637933023
359550,Tom Clancy's Rainbow Six® Siege,game,17,False,"Tom clancy's rainbow six® siege is an elite, tactical team-based shooter where superior planning and execution triumph.",https://shared.akamai.steamstatic.com/store_item_assets/steam/apps/359550/capsule_231x87.jpg?t=1731968067,Ubisoft Montreal,Ubisoft,"Dec 1, 2015","windows, mac, linux",N/A,"Single-player, Multi-player, PvP, Online PvP, Co-op, Online Co-op, Full controller support, Steam Trading Cards, In-App Purchases, Remote Play on Phone, Remote Play on Tablet",Action,$19.99,http://video.akamai.steamstatic.com/store_trailers/256988531/movie_max_vp9.webm?t=1702416326
291550,Brawlhalla,game,0,True,"An epic platform fighter for up to 8 players online or local. try casual free-for-alls, ranked matches, or invite friends to a private room. and it's free! play cross-platform with millions of players on playstation, xbox, nintendo switch, ios, android &amp; steam! frequent updates. over sixty legends.",https://shared.akamai.steamstatic.com/store_item_assets/steam/apps/291550/93430fecf95b0eefb413eb77eafdced1c5c5b520/capsule_231x87.jpg?t=1731092134,Blue Mammoth Games,Ubisoft,"Oct 17, 2017","windows, mac, linux",N/A,"Single-player, Multi-player, PvP, Online PvP, Shared/Split Screen PvP, Co-op, Online Co-op, Shared/Split Screen Co-op, Shared/Split Screen, Cross-Platform Multiplayer, Steam Achievements, Full controller support, Steam Trading Cards, Remote Play on Phone, Remote Play on Tablet, Remote Play on TV, Remote Play Together","Action, Indie, Free To Play",N/A,http://video.akamai.steamstatic.com/store_trailers/257058366/movie_max_vp9.webm?t=1727271449
945360,Among Us,game,0,False,An online and local party game of teamwork and betrayal for 4-15 players...in space!,https://shared.akamai.steamstatic.com/store_item_assets/steam/apps/945360/capsule_231x87.jpg?t=1731953093,Innersloth,Innersloth,"16 Nov, 2018","windows, mac, linux",85,"Multi-player, PvP, Online PvP, LAN PvP, Co-op, Online Co-op, LAN Co-op, Cross-Platform Multiplayer, Full controller support, Remote Play on Phone, Remote Play on Tablet, Family Sharing",Casual,CDN$ 6.49,http://video.akamai.steamstatic.com/store_trailers/257032139/movie_max_vp9.webm?t=1718741653
570,Dota 2,game,0,True,"Every day, millions of players worldwide enter battle as one of over a hundred dota heroes. and no matter if it's their 10th hour of play or 1,000th, there's always something new to discover. with regular updates that ensure a constant evolution of gameplay, features, and heroes, dota 2 has taken on a life of its own.",https://shared.akamai.steamstatic.com/store_item_assets/steam/apps/570/capsule_231x87.jpg?t=1731544174,Valve,Valve,"Jul 9, 2013","windows, mac, linux",90,"Multi-player, Co-op, Steam Trading Cards, Steam Workshop, SteamVR Collectibles, In-App Purchases, Valve Anti-Cheat enabled, Steam Timeline","Action, Strategy, Free To Play",N/A,http://video.akamai.steamstatic.com/store_trailers/256692021/movie_max.webm?t=1731033148
1172470,Apex Legends™,game,0,True,"Apex legends is the award-winning, free-to-play hero shooter from respawn entertainment. master an ever-growing roster of legendary characters with powerful abilities, and experience strategic squad play and innovative gameplay in the next evolution of hero shooter and battle royale.",https://shared.akamai.steamstatic.com/store_item_assets/steam/apps/1172470/8249072b14153cdb6bb65e2357f24d86daf7d965/capsule_231x87.jpg?t=1730895196,Respawn,Electronic Arts,"4 Nov, 2020","windows, mac, linux",88,"Multi-player, PvP, Online PvP, Co-op, Online Co-op, Steam Achievements, Full controller support, Steam Trading Cards, In-App Purchases","Action, Adventure, Free To Play",N/A,http://video.akamai.steamstatic.com/store_trailers/257071165/movie_max_vp9.webm?t=1730895174
1222670,The Sims™ 4,game,0,True,Play with life and discover the possibilities. unleash your imagination and create a world of sims that’s wholly unique. explore and customize every detail from sims to homes–and much more.,https://shared.akamai.steamstatic.com/store_item_assets/steam/apps/1222670/capsule_231x87.jpg?t=1731608003,Maxis,Electronic Arts,"Jun 18, 2020","windows, mac, linux",N/A,"Single-player, Steam Trading Cards, Remote Play on Tablet","Adventure, Casual, Simulation, Free To Play",N/A,http://video.akamai.steamstatic.com/store_trailers/256911304/movie_max_vp9.webm?t=1666105085
438100,VRChat,game,0,True,"Join our growing community as you explore, play, and help craft the future of social vr. create worlds and custom avatars. welcome to vrchat.",https://shared.akamai.steamstatic.com/store_item_assets/steam/apps/438100/capsule_231x87.jpg?t=1729272027,VRChat Inc.,VRChat Inc.,"1 Feb, 2017","windows, mac, linux",N/A,"Multi-player, MMO, PvP, Online PvP, Co-op, Online Co-op, Cross-Platform Multiplayer, Full controller support, Tracked Controller Support, VR Supported, In-App Purchases","Adventure, Casual, Massively Multiplayer, Simulation, Sports, Free To Play, Early Access",N/A,http://video.akamai.steamstatic.com/store_trailers/256738338/movie_max.webm?t=1544752288
1174180,Red Dead Redemption 2,game,0,False,"Winner of over 175 game of the year awards and recipient of over 250 perfect scores, rdr2 is the epic tale of outlaw arthur morgan and the infamous van der linde gang, on the run across america at the dawn of the modern age. also includes access to the shared living world of red dead online.",https://shared.akamai.steamstatic.com/store_item_assets/steam/apps/1174180/capsule_231x87.jpg?t=1720558643,Rockstar Games,Rockstar Games,"5 Dec, 2019","windows, mac, linux",93,"Single-player, Multi-player, PvP, Online PvP, Co-op, Online Co-op, Steam Achievements, In-App Purchases, Partial Controller Support, Remote Play on Phone, Remote Play on Tablet","Action, Adventure","₩ 73,000",http://video.akamai.steamstatic.com/store_trailers/256768279/movie_max.webm?t=1574881436
60,Ricochet,game,0,False,"A futuristic action game that challenges your agility as well as your aim, ricochet features one-on-one and team matches played in a variety of futuristic battle arenas.",https://shared.akamai.steamstatic.com/store_item_assets/steam/apps/60/capsule_231x87.jpg?t=1729701834,Valve,Valve,"Nov 1, 2000","windows, mac, linux",N/A,"Multi-player, PvP, Online PvP, Valve Anti-Cheat enabled, Family Sharing",Action,$4.99,N/A
578080,PUBG: BATTLEGROUNDS,game,0,True,"Play pubg: battlegrounds for free. land on strategic locations, loot weapons and supplies, and survive to become the last team standing across various, diverse battlegrounds. squad up and join the battlegrounds for the original battle royale experience that only pubg: battlegrounds can offer.",https://shared.akamai.steamstatic.com/store_item_assets/steam/apps/578080/062ab094c0ab01e2569a86417483fd51985ad9cf/capsule_231x87.jpg?t=1730854557,PUBG Corporation,"KRAFTON, Inc.","21 Dec, 2017","windows, mac, linux",N/A,"Multi-player, PvP, Online PvP, Stats, Remote Play on Phone, Remote Play on Tablet","Action, Adventure, Massively Multiplayer, Free To Play",N/A,N/A
755790,Ring of Elysium,game,0,False,"Escape an astonishing disaster in ring of elysium, a battle royale shooter developed by aurora studio.",https://shared.akamai.steamstatic.com/store_item_assets/steam/apps/755790/capsule_231x87.jpg?t=1693573300,Aurora Studio,TCH Scarlet Limited,"Jun 24, 2019","windows, mac, linux",N/A,"Multi-player, PvP, Online PvP, Family Sharing","Action, Free To Play, Massively Multiplayer",N/A,http://video.akamai.steamstatic.com/store_trailers/256846366/movie_max_vp9.webm?t=1642904137
8930,Sid Meier's Civilization® V,game,0,False,"Create, discover, and download new player-created maps, scenarios, interfaces, and more!",https://shared.akamai.steamstatic.com/store_item_assets/steam/apps/8930/capsule_231x87.jpg?t=1724341158,"Firaxis Games, Aspyr (Mac), Aspyr (Linux)","2K, Aspyr (Mac), Aspyr (Linux)","Sep 21, 2010","windows, mac, linux",90,"Single-player, Multi-player, Steam Achievements, Steam Trading Cards, Steam Cloud, Remote Play on Tablet, Family Sharing",Strategy,$29.99,http://video.akamai.steamstatic.com/store_trailers/5690/movie_max.webm?t=1447353146
291480,Warface: Clutch,game,13,True,"Warface: clutch is a contemporary mmo first person shooter with millions of fans around the world. it offers intense pvp modes, compelling pve missions and raids that you can challenge with five diverse classes and a colossal customizable arsenal.",https://shared.akamai.steamstatic.com/store_item_assets/steam/apps/291480/279bf50786e7af6a71d6f81862b583ecf0af9275/capsule_231x87.jpg?t=1732103719,MY.GAMES,MY.GAMES,"Jul 1, 2014","windows, mac, linux",N/A,"Multi-player, MMO, PvP, Online PvP, Co-op, Online Co-op, Steam Achievements, Steam Trading Cards, In-App Purchases","Action, Massively Multiplayer, Free To Play",N/A,http://video.akamai.steamstatic.com/store_trailers/257056576/movie_max_vp9.webm?t=1726753523
632360,Risk of Rain 2,game,0,False,"Escape a chaotic alien planet by fighting through hordes of frenzied monsters – with your friends, or on your own. combine loot in surprising ways and master each character until you become the havoc you feared upon your first crash landing.",https://shared.akamai.steamstatic.com/store_item_assets/steam/apps/632360/capsule_231x87.jpg?t=1728672963,Hopoo Games,Gearbox Publishing,"Aug 11, 2020","windows, mac, linux",85,"Single-player, Multi-player, PvP, Online PvP, Co-op, Online Co-op, Full controller support, Steam Cloud, Steam Leaderboards, Remote Play on Phone, Remote Play on Tablet, Remote Play on TV, Family Sharing","Action, Indie",$24.99,http://video.akamai.steamstatic.com/store_trailers/256827307/movie_max_vp9.webm?t=1616688273
218620,PAYDAY 2,game,18,False,"Payday 2 is an action-packed, four-player co-op shooter that once again lets gamers don the masks of the original payday crew - dallas, hoxton, wolf and chains - as they descend on washington dc for an epic crime spree.",https://shared.akamai.steamstatic.com/store_item_assets/steam/apps/218620/capsule_231x87.jpg?t=1729586701,OVERKILL - a Starbreeze Studio.,Starbreeze Publishing AB,"Aug 13, 2013","windows, mac, linux",79,"Single-player, Multi-player, Co-op, Online Co-op, Steam Achievements, Full controller support, Tracked Controller Support, VR Supported, Steam Trading Cards, In-App Purchases, Steam Cloud, Remote Play on Phone, Remote Play on Tablet, Remote Play on TV, Family Sharing","Action, RPG",$9.99,http://video.akamai.steamstatic.com/store_trailers/256766497/movie_max.webm?t=1573055178
550,Left 4 Dead 2,game,17,False,"Set in the zombie apocalypse, left 4 dead 2 (l4d2) is the highly anticipated sequel to the award-winning left 4 dead, the #1 co-op game of 2008. this co-operative action horror fps takes you and your friends through the cities, swamps and cemeteries of the deep south, from savannah to new orleans across five expansive campaigns.",https://shared.akamai.steamstatic.com/store_item_assets/steam/apps/550/capsule_231x87.jpg?t=1731457037,Valve,Valve,"16 Nov, 2009","windows, mac, linux",89,"Single-player, Multi-player, PvP, Online PvP, Co-op, Online Co-op, Steam Achievements, Full controller support, Steam Trading Cards, Captions available, Steam Workshop, Steam Cloud, Valve Anti-Cheat enabled, Stats, Includes Source SDK, Commentary available, Remote Play on Phone, Remote Play on Tablet, Remote Play on TV, Remote Play Together, Family Sharing, Steam Timeline",Action,"₩ 11,000",http://video.akamai.steamstatic.com/store_trailers/5952/movie_max.webm?t=1682697457
739630,Phasmophobia,game,0,False,Phasmophobia is a 4 player online co-op psychological horror. paranormal activity is on the rise and it’s up to you and your team to use all the ghost-hunting equipment at your disposal in order to gather as much evidence as you can.,https://shared.akamai.steamstatic.com/store_item_assets/steam/apps/739630/capsule_231x87.jpg?t=1727019976,Kinetic Games,Kinetic Games,"18 Sep, 2020","windows, mac, linux",N/A,"Single-player, Multi-player, Co-op, Online Co-op, Steam Achievements, Full controller support, Tracked Controller Support, VR Supported, Steam Trading Cards, Steam Cloud, Remote Play on Phone, Remote Play on Tablet, Family Sharing","Action, Indie, Early Access",CDN$ 25.99,http://video.akamai.steamstatic.com/store_trailers/256906135/movie_max_vp9.webm?t=1663254571
1063730,New World: Aeternum,game,0,False,Experience a thrilling action rpg set on the supernatural island of aeternum. forge your destiny on an adventure filled with danger and opportunity.,https://shared.akamai.steamstatic.com/store_item_assets/steam/apps/1063730/2fe94eba6734521fbd4f44fb23ea66cb79376067/capsule_231x87.jpg?t=1729704763,Amazon Games,Amazon Games,"Sep 28, 2021","windows, mac, linux",N/A,"Multi-player, MMO, PvP, Online PvP, Co-op, Online Co-op, Steam Achievements, In-App Purchases, Partial Controller Support","Action, Adventure, Massively Multiplayer, RPG",$59.99,http://video.akamai.steamstatic.com/store_trailers/257064014/movie_max_vp9.webm?t=1728963346
271590,Grand Theft Auto V,game,18,False,"Grand theft auto v for pc offers players the option to explore the award-winning world of los santos and blaine county in resolutions of up to 4k and beyond, as well as the chance to experience the game running at 60 frames per second.",https://shared.akamai.steamstatic.com/store_item_assets/steam/apps/271590/capsule_231x87.jpg?t=1726606628,Rockstar North,Rockstar Games,"13 Apr, 2015","windows, mac, linux",96,"Single-player, Multi-player, PvP, Online PvP, Co-op, Online Co-op, Steam Achievements, Full controller support, Remote Play on Phone, Remote Play on Tablet, Remote Play on TV","Action, Adventure",N/A,http://video.akamai.steamstatic.com/store_trailers/257036518/movie_max_vp9.webm?t=1720472927
96000,The Tiny Bang Story,game,0,False,Life on tiny planet was calm and carefree until a great disaster occurred - tiny planet was hit by a meteor! the world fell apart and now its future depends only on you! use your imagination and creativity: in order to restore tiny planet and help its inhabitants you will have to fix a variety of machines and mechanisms as well as solve...,https://shared.akamai.steamstatic.com/store_item_assets/steam/apps/96000/capsule_231x87.jpg?t=1631292999,Colibri Games,Colibri Games,"Apr 22, 2011","windows, mac, linux",63,"Single-player, Steam Trading Cards, Family Sharing","Adventure, Casual, Indie",$0.99,http://video.akamai.steamstatic.com/store_trailers/256675057/movie_max.webm?t=1479726423
620,Portal 2,game,0,False,The &quot;perpetual testing initiative&quot; has been expanded to allow you to design co-op puzzles for you and your friends!,https://shared.akamai.steamstatic.com/store_item_assets/steam/apps/620/capsule_231x87.jpg?t=1725487730,Valve,Valve,"18 Apr, 2011","windows, mac, linux",95,"Single-player, Multi-player, Co-op, Online Co-op, Shared/Split Screen Co-op, Shared/Split Screen, Steam Achievements, Full controller support, Steam Trading Cards, Captions available, Steam Workshop, Steam Workshop, Steam Cloud, Stats, Includes level editor, Commentary available, Remote Play on Phone, Remote Play on Tablet, Remote Play on TV, Remote Play Together, Family Sharing","Action, Adventure","₩ 11,000",http://video.akamai.steamstatic.com/store_trailers/5787/movie_max.webm?t=1682715616
444200,World of Tanks Blitz,game,0,True,"Tanks, not war: jump into a free-to-play mmo action shooter with over 400 tanks. enjoy stunning graphics and intuitive touch controls. engage in 7vs7 battles, strategize with your team to conquer diverse maps. customize tanks, unlock upgrades, and dive into adrenaline-pumping action on mobile and pc",https://shared.akamai.steamstatic.com/store_item_assets/steam/apps/444200/942379ee0457e6cbd5d5d2f2a5ea56d81728d014/capsule_231x87.jpg?t=1732005139,Wargaming Group Limited,Wargaming Group Limited,"Nov 9, 2016","windows, mac, linux",N/A,"Multi-player, MMO, PvP, Online PvP, Co-op, Online Co-op, Cross-Platform Multiplayer, Steam Trading Cards, In-App Purchases","Action, Massively Multiplayer, Simulation, Strategy, Free To Play",N/A,http://video.akamai.steamstatic.com/store_trailers/256985976/movie_max_vp9.webm?t=1714248859
72850,The Elder Scrolls V: Skyrim,game,17,False,"Epic fantasy reborn the next chapter in the highly anticipated elder scrolls saga arrives from the makers of the 2006 and 2008 games of the year, bethesda game studios. skyrim reimagines and revolutionizes the open-world fantasy epic, bringing to life a complete virtual world open for you to explore any way you choose.",https://shared.akamai.steamstatic.com/store_item_assets/steam/apps/72850/capsule_231x87.jpg?t=1721923139,Bethesda Game Studios,Bethesda Softworks,"Nov 10, 2011","windows, mac, linux",94,"Single-player, Steam Achievements, Steam Trading Cards, Steam Workshop, Partial Controller Support, Steam Cloud, Family Sharing",RPG,$19.99,http://video.akamai.steamstatic.com/store_trailers/81281/movie_max.webm?t=1466707024
1203220,NARAKA: BLADEPOINT,game,0,True,"Dive into the legends of the far east in naraka: bladepoint; team up with friends in fast-paced melee fights for a battle royale experience unlike any other. find your playstyle with a varied cast of heroes with unique skills. more than 20 million players have already joined the fray, play free now!",https://shared.akamai.steamstatic.com/store_item_assets/steam/apps/1203220/b9e318e3a42ef0d87c09d228cee1569efa1eaf67/capsule_231x87.jpg?t=1730352667,24 Entertainment,NetEase Games Global,"Aug 11, 2021","windows, mac, linux",N/A,"Multi-player, PvP, Online PvP, In-App Purchases, Partial Controller Support","Action, Adventure, Massively Multiplayer",N/A,http://video.akamai.steamstatic.com/store_trailers/257069624/movie_max_vp9.webm?t=1730341595
218230,PlanetSide 2,game,0,True,"Planetside 2 is an all-out planetary war, where thousands of players battle as one across enormous continents. utilize infantry, ground and air vehicles, and teamwork to destroy your enemies in this revolutionary first-person shooter on a massive scale.",https://shared.akamai.steamstatic.com/store_item_assets/steam/apps/218230/a1b9e5d07ef420563043e218ddde1a5044d37d48/capsule_231x87.jpg?t=1732130400,Rogue Planet Games,Daybreak Game Company,"Nov 20, 2012","windows, mac, linux",84,"Multi-player, MMO, PvP, Online PvP, Steam Trading Cards, Steam Cloud","Action, Massively Multiplayer, Free To Play",N/A,http://video.akamai.steamstatic.com/store_trailers/256777729/movie_max.webm?t=1732130077
322330,Don't Starve Together,game,0,False,"Fight, farm, build and explore together in the standalone multiplayer expansion to the uncompromising wilderness survival game, don't starve.",https://shared.akamai.steamstatic.com/store_item_assets/steam/apps/322330/81357510a64a4adb5e8e7fc7f054dc4306baf2a5/capsule_231x87_alt_assets_38.jpg?t=1730150710,Klei Entertainment,Klei Entertainment,"21 Apr, 2016","windows, mac, linux",83,"Single-player, Multi-player, PvP, Online PvP, LAN PvP, Co-op, Online Co-op, LAN Co-op, Full controller support, Steam Trading Cards, Steam Workshop, In-App Purchases, Remote Play on Phone, Remote Play on Tablet, Remote Play on TV, Family Sharing","Action, Adventure, Indie, RPG, Simulation, Strategy","₩ 15,500",http://video.akamai.steamstatic.com/store_trailers/257068101/movie_max_vp9.webm?t=1729790598
105600,Terraria,game,0,False,"Dig, fight, explore, build! nothing is impossible in this action-packed adventure game. four pack also available!",https://shared.akamai.steamstatic.com/store_item_assets/steam/apps/105600/capsule_231x87.jpg?t=1731252354,Re-Logic,Re-Logic,"16 May, 2011","windows, mac, linux",83,"Single-player, Multi-player, PvP, Online PvP, Co-op, Online Co-op, Steam Achievements, Full controller support, Steam Trading Cards, Steam Cloud, Remote Play on Phone, Remote Play on Tablet, Remote Play on TV, Family Sharing","Action, Adventure, Indie, RPG","₩ 11,000",http://video.akamai.steamstatic.com/store_trailers/256785003/movie_max_vp9.webm?t=1589654781
255710,Cities: Skylines,game,0,False,Cities: skylines is a modern take on the classic city simulation. the game introduces new game play elements to realize the thrill and hardships of creating and maintaining a real city whilst expanding on some well-established tropes of the city building experience.,https://shared.akamai.steamstatic.com/store_item_assets/steam/apps/255710/4cf458b43b41e4f86d3e4e604e7a7577c7926b01/capsule_231x87.jpg?t=1730278697,Colossal Order Ltd.,Paradox Interactive,"Mar 10, 2015","windows, mac, linux",85,"Single-player, Steam Achievements, Steam Trading Cards, Steam Workshop, Steam Cloud, Includes level editor, Remote Play on Tablet, Family Sharing","Simulation, Strategy",$29.99,http://video.akamai.steamstatic.com/store_trailers/256785384/movie_max_vp9.webm?t=1589550020
238960,Path of Exile,game,0,True,"You are an exile, struggling to survive on the dark continent of wraeclast, as you fight to earn power that will allow you to exact your revenge against those who wronged you. path of exile is an online action rpg set in a dark fantasy world. the game is completely free and will never be pay-to-win.",https://shared.akamai.steamstatic.com/store_item_assets/steam/apps/238960/capsule_231x87.jpg?t=1726453971,Grinding Gear Games,Grinding Gear Games,"Oct 23, 2013","windows, mac, linux",86,"Single-player, Multi-player, MMO, PvP, Online PvP, Co-op, Online Co-op, Steam Achievements, Full controller support, Steam Trading Cards, In-App Purchases, Remote Play on Tablet","Action, Adventure, Indie, Massively Multiplayer, RPG, Free To Play",N/A,http://video.akamai.steamstatic.com/store_trailers/257038864/movie_max_vp9.webm?t=1721339028
4000,Garry's Mod,game,0,False,Garry's mod is a physics sandbox. there aren't any predefined aims or goals. we give you the tools and leave you to play.,https://shared.akamai.steamstatic.com/store_item_assets/steam/apps/4000/2e52d9b905feebfdaaf2db6ad7afece10991d504/capsule_231x87.jpg?t=1726231861,Facepunch Studios,Valve,"Nov 29, 2006","windows, mac, linux",N/A,"Single-player, Multi-player, PvP, Online PvP, LAN PvP, Co-op, Online Co-op, LAN Co-op, Cross-Platform Multiplayer, Steam Achievements, Steam Trading Cards, Captions available, Steam Workshop, Steam Cloud, Valve Anti-Cheat enabled, Includes level editor, Includes Source SDK, Remote Play on Tablet, Family Sharing","Casual, Indie, Simulation",$9.99,N/A
289070,Sid Meier’s Civilization® VI,game,0,False,"Civilization vi is the newest installment in the award winning civilization franchise. expand your empire, advance your culture and go head-to-head against history’s greatest leaders. will your civilization stand the test of time?",https://shared.akamai.steamstatic.com/store_item_assets/steam/apps/289070/capsule_231x87.jpg?t=1731365491,"Firaxis Games, Aspyr (Mac), Aspyr (Linux)","2K, Aspyr (Mac), Aspyr (Linux)","20 Oct, 2016","windows, mac, linux",88,"Single-player, Multi-player, PvP, Online PvP, LAN PvP, Shared/Split Screen PvP, Shared/Split Screen, Cross-Platform Multiplayer, Steam Achievements, Steam Trading Cards, Steam Workshop, In-App Purchases, Steam Turn Notifications, Remote Play on Tablet, Remote Play Together, Family Sharing",Strategy,"₩ 65,000",http://video.akamai.steamstatic.com/store_trailers/256672703/movie_max.webm?t=1476737110
1238810,Battlefield™ V,game,17,False,"This is the ultimate battlefield v experience. enter mankind’s greatest conflict with the complete arsenal of weapons, vehicles, and gadgets plus the best customization content of year 1 and 2.",https://shared.akamai.steamstatic.com/store_item_assets/steam/apps/1238810/capsule_231x87.jpg?t=1730822762,DICE,Electronic Arts,"Oct 22, 2020","windows, mac, linux",N/A,"Single-player, Multi-player, PvP, Online PvP, Steam Achievements, Full controller support, Steam Trading Cards, HDR available",Action,$49.99,http://video.akamai.steamstatic.com/store_trailers/256806061/movie_max_vp9.webm?t=1603387370
444090,Paladins®,game,0,True,"Paladins is the ultimate fantasy team-based shooter experience, with over 50 customizable champions fighting in 5v5 action across a diverse realm of modes and maps!",https://shared.akamai.steamstatic.com/store_item_assets/steam/apps/444090/capsule_231x87.jpg?t=1713560419,Evil Mojo Games,Hi-Rez Studios,"May 8, 2018","windows, mac, linux",83,"Multi-player, PvP, Online PvP, Cross-Platform Multiplayer, Steam Achievements, Full controller support, Steam Trading Cards, In-App Purchases, Remote Play on Phone, Remote Play on Tablet","Action, Adventure, Massively Multiplayer, Strategy, Free To Play",N/A,http://video.akamai.steamstatic.com/store_trailers/256849677/movie_max_vp9.webm?t=1713554500
367520,Hollow Knight,game,0,False,"Forge your own path in hollow knight! an epic action adventure through a vast ruined kingdom of insects and heroes. explore twisting caverns, battle tainted creatures and befriend bizarre bugs, all in a classic, hand-drawn 2d style.",https://shared.akamai.steamstatic.com/store_item_assets/steam/apps/367520/capsule_231x87.jpg?t=1695270428,Team Cherry,Team Cherry,"24 Feb, 2017","windows, mac, linux",87,"Single-player, Steam Achievements, Full controller support, Steam Trading Cards, Steam Cloud, Remote Play on Phone, Remote Play on Tablet, Remote Play on TV, Family Sharing","Action, Adventure, Indie",₹ 690,http://video.akamai.steamstatic.com/store_trailers/256679401/movie_max.webm?t=1497589417
108600,Project Zomboid,game,0,False,"Project zomboid is the ultimate in zombie survival. alone or in mp: you loot, build, craft, fight, farm and fish in a struggle to survive. a hardcore rpg skillset, a vast map, massively customisable sandbox and a cute tutorial raccoon await the unwary. so how will you die? all it takes is a bite..",https://shared.akamai.steamstatic.com/store_item_assets/steam/apps/108600/capsule_231x87.jpg?t=1691508011,The Indie Stone,The Indie Stone,"Nov 8, 2013","windows, mac, linux",N/A,"Single-player, Multi-player, PvP, Online PvP, Co-op, Online Co-op, Shared/Split Screen Co-op, Shared/Split Screen, Cross-Platform Multiplayer, Steam Trading Cards, Steam Workshop, Partial Controller Support, Remote Play Together, Family Sharing","Indie, RPG, Simulation, Early Access",$19.99,http://video.akamai.steamstatic.com/store_trailers/256865885/movie_max_vp9.webm?t=1639992657
386360,SMITE®,game,0,True,"Join 40+ million players in smite, the battleground of the gods! wield thor’s hammer, turn your foes to stone as medusa, or flex your divine power as one of 100+ other mythological icons. become a god and play free today!",https://shared.akamai.steamstatic.com/store_item_assets/steam/apps/386360/54e12feb5ba00a08fdb0dba308e7afc735fae667/capsule_231x87.jpg?t=1731588633,Titan Forge Games,Hi-Rez Studios,"Sep 8, 2015","windows, mac, linux",83,"Multi-player, Steam Achievements, Full controller support, Steam Trading Cards","Action, Adventure, Casual, Massively Multiplayer, RPG, Strategy, Free To Play",N/A,http://video.akamai.steamstatic.com/store_trailers/256852054/movie_max_vp9.webm?t=1684857926
251570,7 Days to Die,game,0,False,"7 days to die is an open-world game that is a unique combination of first-person shooter, survival horror, tower defense, and role-playing games. play the definitive zombie survival sandbox rpg that came first. navezgane awaits!",https://shared.akamai.steamstatic.com/store_item_assets/steam/apps/251570/capsule_231x87.jpg?t=1732247374,The Fun Pimps,The Fun Pimps Entertainment LLC,"Jul 25, 2024","windows, mac, linux",N/A,"Single-player, Multi-player, PvP, Online PvP, LAN PvP, Co-op, Online Co-op, LAN Co-op, Cross-Platform Multiplayer, Steam Achievements, Full controller support, Steam Trading Cards, Includes level editor, Remote Play on Tablet, Remote Play on TV, Family Sharing","Action, Adventure, Indie, RPG, Simulation, Strategy",$44.99,http://video.akamai.steamstatic.com/store_trailers/257032424/movie_max_vp9.webm?t=1718836140
346110,ARK: Survival Evolved,game,0,False,"Stranded on the shores of a mysterious island, you must learn to survive. use your cunning to kill or tame the primeval creatures roaming the land, and encounter other players to survive, dominate... and escape!",https://shared.akamai.steamstatic.com/store_item_assets/steam/apps/346110/capsule_231x87.jpg?t=1709879597,"Studio Wildcard, Instinct Games, Efecto Studios, Virtual Basement LLC","Studio Wildcard, Snail Games USA","Aug 27, 2017","windows, mac, linux",70,"Single-player, Multi-player, MMO, Co-op, Steam Achievements, Full controller support, Steam Workshop, Steam Cloud, Valve Anti-Cheat enabled, Includes level editor, Remote Play on Tablet, Family Sharing","Action, Adventure, Indie, Massively Multiplayer, RPG",$14.99,http://video.akamai.steamstatic.com/store_trailers/256836250/movie_max_vp9.webm?t=1622089232
240,Counter-Strike: Source,game,0,False,Counter-strike: source blends counter-strike's award-winning teamplay action with the advanced technology of source™ technology.,https://shared.akamai.steamstatic.com/store_item_assets/steam/apps/240/capsule_231x87.jpg?t=1729702412,Valve,Valve,"Nov 1, 2004","windows, mac, linux",88,"Multi-player, Cross-Platform Multiplayer, Steam Achievements, Steam Cloud, Valve Anti-Cheat enabled, Stats, Includes Source SDK, Family Sharing",Action,$9.99,N/A
892970,Valheim,game,0,False,"A brutal exploration and survival game for 1-10 players, set in a procedurally-generated purgatory inspired by viking culture. battle, build, and conquer your way to a saga worthy of odin’s patronage!",https://shared.akamai.steamstatic.com/store_item_assets/steam/apps/892970/9cc7dfa4f0742723ffe9f9026547b223bba6d149/capsule_231x87_alt_assets_4.jpg?t=1732095031,Iron Gate AB,Coffee Stain Publishing,"Feb 2, 2021","windows, mac, linux",N/A,"Single-player, Multi-player, Co-op, Online Co-op, Full controller support, Steam Cloud, Remote Play on Tablet, Family Sharing","Action, Adventure, Indie, RPG, Early Access",$19.99,http://video.akamai.steamstatic.com/store_trailers/257023147/movie_max_vp9.webm?t=1715688262
990080,Hogwarts Legacy,game,0,False,"Hogwarts legacy is an immersive, open-world action rpg. now you can take control of the action and be at the center of your own adventure in the wizarding world.",https://shared.akamai.steamstatic.com/store_item_assets/steam/apps/990080/capsule_231x87.jpg?t=1717689083,Avalanche Software,Warner Bros. Games,"Feb 10, 2023","windows, mac, linux",83,"Single-player, Steam Achievements, Full controller support, In-App Purchases, Steam Cloud, HDR available, Family Sharing","Action, Adventure, RPG",$59.99,http://video.akamai.steamstatic.com/store_trailers/256930503/movie_max_vp9.webm?t=1676412597
10,Counter-Strike,game,0,False,Play the world's number 1 online action game. engage in an incredibly realistic brand of terrorist warfare in this wildly popular team-based game. ally with teammates to complete strategic missions. take out enemy sites. rescue hostages. your role affects your team's success. your team's success affects your role.,https://shared.akamai.steamstatic.com/store_item_assets/steam/apps/10/capsule_231x87.jpg?t=1729702322,Valve,Valve,"Nov 1, 2000","windows, mac, linux",88,"Multi-player, PvP, Online PvP, Shared/Split Screen PvP, Valve Anti-Cheat enabled, Family Sharing",Action,$9.99,N/A
433850,Z1 Battle Royale,game,0,True,"Z1 battle royale is a free to play, fast-paced, action arcade, competitive battle royale. staying true to its &quot;king of the kill&quot; roots, the game has been revamped and restored to the classic feel, look, and gameplay everyone fell in love with. play solo, duos, or fives and be the last ones standing.",https://shared.akamai.steamstatic.com/store_item_assets/steam/apps/433850/capsule_231x87.jpg?t=1579626820,Daybreak Game Company,Daybreak Game Company,"Feb 28, 2018","windows, mac, linux",70,"Multi-player, PvP, Online PvP, In-App Purchases","Action, Adventure, Free To Play, Massively Multiplayer",N/A,N/A
553850,HELLDIVERS™ 2,game,17,False,"The galaxy’s last line of offence. enlist in the helldivers and join the fight for freedom across a hostile galaxy in a fast, frantic, and ferocious third-person shooter.",https://shared.akamai.steamstatic.com/store_item_assets/steam/apps/553850/capsule_231x87.jpg?t=1730884635,Arrowhead Game Studios,PlayStation Publishing LLC,"Feb 8, 2024","windows, mac, linux",N/A,"Multi-player, Co-op, Online Co-op, Steam Achievements, In-App Purchases, Partial Controller Support, Family Sharing",Action,$39.99,http://video.akamai.steamstatic.com/store_trailers/256994373/movie_max_vp9.webm?t=1705428404
1623730,Palworld,game,0,False,"Fight, farm, build and work alongside mysterious creatures called &quot;pals&quot; in this completely new multiplayer, open world survival and crafting game!",https://shared.akamai.steamstatic.com/store_item_assets/steam/apps/1623730/4f823e476ad290ad4f19763e7d800723df422dfa/capsule_231x87.jpg?t=1728458632,Pocketpair,Pocketpair,"18 Jan, 2024","windows, mac, linux",N/A,"Single-player, Multi-player, Co-op, Online Co-op, Steam Achievements, Full controller support, Steam Cloud, Family Sharing","Action, Adventure, Indie, RPG, Early Access",CDN$ 38.99,http://video.akamai.steamstatic.com/store_trailers/257063169/movie_max_vp9.webm?t=1728458616
552990,World of Warships,game,0,True,"Immerse yourself in thrilling naval battles and assemble an armada of over 600 ships from the first half of the 20th century — from stealthy destroyers to gigantic battleships. change the look of your ship, choose upgrades to suit your play style, and go into battle with other players!",https://shared.akamai.steamstatic.com/store_item_assets/steam/apps/552990/1cd9478463ddb3490b88117dd2d7d7cbe9ecd02a/capsule_231x87.jpg?t=1732186574,Wargaming Group Limited,Wargaming Group Limited,"Nov 15, 2017","windows, mac, linux",81,"Multi-player, MMO, PvP, Online PvP, Co-op, Online Co-op, Steam Achievements, Steam Trading Cards, In-App Purchases, Steam Cloud","Action, Massively Multiplayer, Simulation, Free To Play",N/A,http://video.akamai.steamstatic.com/store_trailers/256841936/movie_max_vp9.webm?t=1719952048
899770,Last Epoch,game,0,False,"Uncover the past, reforge the future. ascend into one of 15 mastery classes and explore dangerous dungeons, hunt epic loot, craft legendary weapons, and wield the power of over a hundred transformative skill trees. last epoch is being developed by a team of passionate action rpg enthusiasts.",https://shared.akamai.steamstatic.com/store_item_assets/steam/apps/899770/7b349f115c9b3d82aae00ca97138d00a89f8fce9/capsule_231x87.jpg?t=1732045198,Eleventh Hour Games,Eleventh Hour Games,"Feb 21, 2024","windows, mac, linux",80,"Single-player, Multi-player, Co-op, Online Co-op, In-App Purchases, Partial Controller Support, Steam Cloud","Action, Adventure, Indie, RPG",$27.99,http://video.akamai.steamstatic.com/store_trailers/257033551/movie_max_vp9.webm?t=1719335274
239140,Dying Light,game,17,False,"First-person action survival game set in a post-apocalyptic open world overrun by flesh-hungry zombies. roam a city devastated by a mysterious virus epidemic. scavenge for supplies, craft weapons, and face hordes of the infected.",https://shared.akamai.steamstatic.com/store_item_assets/steam/apps/239140/capsule_231x87.jpg?t=1728908613,Techland,Techland,"Jul 15, 2021","windows, mac, linux",87,"Single-player, Multi-player, PvP, Online PvP, Co-op, Online Co-op, Steam Achievements, Full controller support, Steam Trading Cards, Steam Workshop, Steam Cloud, Valve Anti-Cheat enabled, Includes level editor, Remote Play on Tablet, Remote Play on TV, Family Sharing","Action, RPG",$19.99,http://video.akamai.steamstatic.com/store_trailers/257022021/movie_max_vp9.webm?t=1715275593
320,Half-Life 2: Deathmatch,game,0,False,Fast multiplayer action set in the half-life 2 universe! hl2's physics adds a new dimension to deathmatch play. play straight deathmatch or try combine vs. resistance teamplay. toss a toilet at your friend today!,https://shared.akamai.steamstatic.com/store_item_assets/steam/apps/320/capsule_231x87.jpg?t=1731706641,Valve,Valve,"Nov 1, 2004","windows, mac, linux",N/A,"Multi-player, Valve Anti-Cheat enabled, Includes Source SDK, Family Sharing",Action,N/A,N/A
730,Counter-Strike 2,game,0,True,"For over two decades, counter-strike has offered an elite competitive experience, one shaped by millions of players from across the globe. and now the next chapter in the cs story is about to begin. this is counter-strike 2.",https://shared.akamai.steamstatic.com/store_item_assets/steam/apps/730/capsule_231x87.jpg?t=1729703045,Valve,Valve,"21 Aug, 2012","windows, mac, linux",N/A,"Multi-player, Cross-Platform Multiplayer, Steam Trading Cards, Steam Workshop, In-App Purchases, Valve Anti-Cheat enabled, Stats, Remote Play on Phone, Remote Play on Tablet, Remote Play on TV, Steam Timeline","Action, Free To Play",N/A,http://video.akamai.steamstatic.com/store_trailers/256972298/movie_max_vp9.webm?t=1696005467
648800,Raft,game,0,False,"Raft™ throws you and your friends into an epic oceanic adventure! alone or together, players battle to survive a perilous voyage across a vast sea! gather debris, scavenge reefs and build your own floating home, but be wary of the man-eating sharks!",https://shared.akamai.steamstatic.com/store_item_assets/steam/apps/648800/capsule_231x87.jpg?t=1727184011,Redbeet Interactive,Axolot Games,"Jun 20, 2022","windows, mac, linux",N/A,"Single-player, Multi-player, Co-op, Online Co-op, Steam Achievements, Steam Cloud, Family Sharing","Adventure, Indie, Simulation",$19.99,http://video.akamai.steamstatic.com/store_trailers/256892239/movie_max_vp9.webm?t=1655744106
292030,The Witcher 3: Wild Hunt,game,18,False,"You are geralt of rivia, mercenary monster slayer. before you stands a war-torn, monster-infested continent you can explore at will. your current contract? tracking down ciri — the child of prophecy, a living weapon that can alter the shape of the world.",https://shared.akamai.steamstatic.com/store_item_assets/steam/apps/292030/capsule_231x87.jpg?t=1730212926,CD PROJEKT RED,CD PROJEKT RED,"18 May, 2015","windows, mac, linux",93,"Single-player, Steam Achievements, Steam Trading Cards, Steam Workshop, Partial Controller Support, Steam Cloud, Remote Play on Tablet, Remote Play on TV, Family Sharing",RPG,"29,99€",http://video.akamai.steamstatic.com/store_trailers/256927226/movie_max_vp9.webm?t=1674829926
70,Half-Life,game,0,False,"Named game of the year by over 50 publications, valve's debut title blends action and adventure with award-winning technology to create a frighteningly realistic world where players must think to survive. also includes an exciting multiplayer mode that allows you to play against friends and enemies around the world.",https://shared.akamai.steamstatic.com/store_item_assets/steam/apps/70/25bee0c9572a4f0dc4de6c773c54d067a4204760/capsule_231x87.jpg?t=1732327059,Valve,Valve,"Nov 19, 1998","windows, mac, linux",96,"Single-player, Multi-player, PvP, Online PvP, Full controller support, Steam Cloud, Valve Anti-Cheat enabled, Remote Play on Phone, Remote Play on Tablet, Remote Play Together, Family Sharing",Action,$9.99,N/A
1966720,Lethal Company,game,0,False,A co-op horror about scavenging at abandoned moons to sell scrap to the company.,https://shared.akamai.steamstatic.com/store_item_assets/steam/apps/1966720/capsule_231x87.jpg?t=1723894859,Zeekerss,Zeekerss,"Oct 23, 2023","windows, mac, linux",N/A,"Single-player, Multi-player, Co-op, Online Co-op, Partial Controller Support, Family Sharing","Action, Adventure, Indie, Early Access",$9.99,http://video.akamai.steamstatic.com/store_trailers/256961309/movie_max_vp9.webm?t=1690909590
440,Team Fortress 2,game,0,True,"Nine distinct classes provide a broad range of tactical abilities and personalities. constantly updated with new game modes, maps, equipment and, most importantly, hats!",https://shared.akamai.steamstatic.com/store_item_assets/steam/apps/440/capsule_231x87.jpg?t=1729702978,Valve,Valve,"10 Oct, 2007","windows, mac, linux",92,"Multi-player, Cross-Platform Multiplayer, Steam Achievements, Steam Trading Cards, Captions available, Steam Workshop, In-App Purchases, Partial Controller Support, Valve Anti-Cheat enabled, Stats, Includes level editor, Commentary available, Remote Play on Phone, Remote Play on Tablet","Action, Free To Play",N/A,http://video.akamai.steamstatic.com/store_trailers/256698790/movie_max.webm?t=1682961253
242760,The Forest,game,0,False,"As the lone survivor of a passenger jet crash, you find yourself in a mysterious forest battling to stay alive against a society of cannibalistic mutants. build, explore, survive in this terrifying first person survival horror simulator.",https://shared.akamai.steamstatic.com/store_item_assets/steam/apps/242760/capsule_231x87.jpg?t=1699381053,Endnight Games Ltd,Endnight Games Ltd,"30 Apr, 2018","windows, mac, linux",83,"Single-player, Multi-player, Co-op, Online Co-op, LAN Co-op, Tracked Controller Support, VR Supported, Partial Controller Support, Steam Cloud, Family Sharing","Action, Adventure, Indie, Simulation","₩ 20,500",http://video.akamai.steamstatic.com/store_trailers/256715589/movie_max.webm?t=1525039057
1086940,Baldur's Gate 3,game,18,False,"Baldur’s gate 3 is a story-rich, party-based rpg set in the universe of dungeons &amp; dragons, where your choices shape a tale of fellowship and betrayal, survival and sacrifice, and the lure of absolute power.",https://shared.akamai.steamstatic.com/store_item_assets/steam/apps/1086940/capsule_231x87.jpg?t=1725654125,Larian Studios,Larian Studios,"3 Aug, 2023","windows, mac, linux",96,"Single-player, Multi-player, Co-op, Online Co-op, LAN Co-op, Steam Achievements, Full controller support, Steam Cloud, Remote Play on TV, Remote Play Together, Family Sharing","Adventure, RPG, Strategy","59,99€",http://video.akamai.steamstatic.com/store_trailers/256987424/movie_max_vp9.webm?t=1702007645
594650,Hunt: Showdown 1896,game,17,False,"Hunt: showdown 1896 is a new era of the addictively unforgiving extraction shooter. in corrupted backwaters lost to history, fight back alone – or with friends – against timeless evil. twisted monsters and other ruthless hunters stand between you and your bounty. risk everything as hunt consumes you",https://shared.akamai.steamstatic.com/store_item_assets/steam/apps/594650/a4e82ae87d5f2f91b8d557984f0130bfb66b1f20/capsule_231x87_alt_assets_18.jpg?t=1732201858,Crytek,Crytek,"27 Aug, 2019","windows, mac, linux",81,"Multi-player, PvP, Online PvP, Co-op, Online Co-op, Steam Achievements, Full controller support, Steam Trading Cards, In-App Purchases, Steam Leaderboards, Remote Play on Tablet, Remote Play on TV",Action,CDN$ 39.99,http://video.akamai.steamstatic.com/store_trailers/257064072/movie_max_vp9.webm?t=1728660255
250900,The Binding of Isaac: Rebirth,game,0,False,"The binding of isaac: rebirth is a randomly generated action rpg shooter with heavy rogue-like elements. following isaac on his journey players will find bizarre treasures that change isaac’s form giving him super human abilities and enabling him to fight off droves of mysterious creatures, discover secrets and fight his way to safety.",https://shared.akamai.steamstatic.com/store_item_assets/steam/apps/250900/capsule_231x87.jpg?t=1731977365,"Nicalis, Inc., Edmund McMillen","Nicalis, Inc.","Nov 4, 2014","windows, mac, linux",N/A,"Single-player, Multi-player, Shared/Split Screen, Steam Achievements, Full controller support, Steam Trading Cards, Steam Cloud, Remote Play on TV, Remote Play Together, Family Sharing",Action,$14.99,http://video.akamai.steamstatic.com/store_trailers/2034156/movie_max.webm?t=1447363402
1517290,Battlefield™ 2042,game,17,False,Battlefield™ 2042 is a first-person shooter that marks the return to the iconic all-out warfare of the franchise.,https://shared.akamai.steamstatic.com/store_item_assets/steam/apps/1517290/capsule_231x87.jpg?t=1730826966,DICE,Electronic Arts,"Nov 19, 2021","windows, mac, linux",N/A,"Multi-player, PvP, Online PvP, Co-op, Online Co-op, Steam Achievements, Full controller support, Steam Trading Cards, In-App Purchases, HDR available","Action, Adventure, Casual",$59.99,http://video.akamai.steamstatic.com/store_trailers/257068425/movie_max_vp9.webm?t=1729889023
400,Portal,game,0,False,"Portal™ is a new single player game from valve. set in the mysterious aperture science laboratories, portal has been called one of the most innovative new games on the horizon and will offer gamers hours of unique gameplay.",https://shared.akamai.steamstatic.com/store_item_assets/steam/apps/400/capsule_231x87.jpg?t=1726252771,Valve,Valve,"Oct 10, 2007","windows, mac, linux",90,"Single-player, Steam Achievements, Full controller support, Captions available, Includes level editor, Includes Source SDK, Commentary available, Remote Play on Phone, Remote Play on Tablet, Remote Play Together, Family Sharing",Action,$9.99,http://video.akamai.steamstatic.com/store_trailers/922/movie_max.webm?t=1682715059
1811260,EA SPORTS™ FIFA 23,game,0,False,"Fifa 23 brings the world’s game to the pitch, with hypermotion2 technology, men’s and women’s fifa world cup™, women’s club teams, cross-play features**, and more.",https://shared.akamai.steamstatic.com/store_item_assets/steam/apps/1811260/capsule_231x87.jpg?t=1712678770,EA Canada & EA Romania,Electronic Arts,"Sep 30, 2022","windows, mac, linux",N/A,"Single-player, Multi-player, PvP, Online PvP, Shared/Split Screen PvP, Co-op, Online Co-op, Shared/Split Screen Co-op, Shared/Split Screen, Cross-Platform Multiplayer, Steam Achievements, Full controller support, In-App Purchases","Simulation, Sports",N/A,http://video.akamai.steamstatic.com/store_trailers/256942523/movie_max_vp9.webm?t=1682117044
1085660,Destiny 2,game,0,True,"Destiny 2 is an action mmo with a single evolving world that you and your friends can join anytime, anywhere, absolutely free.",https://shared.akamai.steamstatic.com/store_item_assets/steam/apps/1085660/capsule_231x87.jpg?t=1731537397,Bungie,Bungie,"1 Oct, 2019","windows, mac, linux",83,"Single-player, Multi-player, PvP, Online PvP, Co-op, Online Co-op, Steam Achievements, In-App Purchases, Partial Controller Support","Action, Adventure, Free To Play",N/A,http://video.akamai.steamstatic.com/store_trailers/257033482/movie_max_vp9.webm?t=1719265609
304930,Unturned,game,0,True,"You're a survivor in the zombie infested ruins of society, and must work with your friends and forge alliances to remain among the living.",https://shared.akamai.steamstatic.com/store_item_assets/steam/apps/304930/capsule_231x87.jpg?t=1728506406,Smartly Dressed Games,Smartly Dressed Games,"Jul 7, 2017","windows, mac, linux",N/A,"Single-player, Multi-player, PvP, Online PvP, LAN PvP, Co-op, Online Co-op, LAN Co-op, Steam Achievements, Steam Trading Cards, Steam Workshop, In-App Purchases, Steam Cloud, Valve Anti-Cheat enabled, Stats, Includes level editor, Remote Play on Tablet","Action, Adventure, Casual, Indie, Free To Play",N/A,http://video.akamai.steamstatic.com/store_trailers/256688960/movie_max.webm?t=1688148646
526870,Satisfactory,game,0,False,"Satisfactory is a first-person open-world factory building game with a dash of exploration and combat. play alone or with friends, explore an alien planet, create multi-story factories, and enter conveyor belt heaven!",https://shared.akamai.steamstatic.com/store_item_assets/steam/apps/526870/c5211d0931f57d56a927bb1e99c3a7950d35cd1a/capsule_231x87_alt_assets_2.jpg?t=1730110257,Coffee Stain Studios,Coffee Stain Publishing,"10 Sep, 2024","windows, mac, linux",91,"Single-player, Multi-player, Co-op, Online Co-op, Cross-Platform Multiplayer, Steam Achievements, Steam Cloud, Remote Play on Tablet, Family Sharing","Adventure, Indie, Simulation, Strategy",A$ 58.50,http://video.akamai.steamstatic.com/store_trailers/257053861/movie_max_vp9.webm?t=1725980382
1089350,NBA 2K20,game,0,False,"Note: all multiplayer servers for nba 2k20 will be shutdown as of 12/31/2021. after that time, all game functions requiring online servers will no longer function.",https://shared.akamai.steamstatic.com/store_item_assets/steam/apps/1089350/capsule_231x87.jpg?t=1663810795,Visual Concepts,2K,"Sep 6, 2019","windows, mac, linux",74,"Single-player, Multi-player, PvP, Online PvP, Shared/Split Screen PvP, Co-op, Online Co-op, Shared/Split Screen Co-op, Shared/Split Screen, Steam Achievements, Full controller support, In-App Purchases, Steam Cloud, Remote Play on Phone, Remote Play on Tablet, Remote Play on TV, Remote Play Together, Family Sharing","Simulation, Sports",N/A,http://video.akamai.steamstatic.com/store_trailers/256761258/movie_max.webm?t=1567806897
252490,Rust,game,0,False,"The only aim in rust is to survive. everything wants you to die - the island’s wildlife and other inhabitants, the environment, other survivors. do whatever it takes to last another night.",https://shared.akamai.steamstatic.com/store_item_assets/steam/apps/252490/21aac0b6e20e1ba12f635e7deb730e32a51afbd5/capsule_231x87.jpg?t=1727957298,Facepunch Studios,Facepunch Studios,"8 Feb, 2018","windows, mac, linux",69,"Multi-player, MMO, PvP, Online PvP, Co-op, Online Co-op, Cross-Platform Multiplayer, Steam Achievements, Steam Trading Cards, Steam Workshop, In-App Purchases, Valve Anti-Cheat enabled, Stats, Remote Play on Tablet","Action, Adventure, Indie, Massively Multiplayer, RPG","₩ 46,000",http://video.akamai.steamstatic.com/store_trailers/256684736/movie_max_vp9.webm?t=1699598112
236390,War Thunder,game,0,True,"War thunder is the most comprehensive free-to-play, cross-platform, mmo military game dedicated to aviation, armoured vehicles, and naval craft, from the early 20th century to the most advanced modern combat units. join now and take part in major battles on land, in the air, and at sea.",https://shared.akamai.steamstatic.com/store_item_assets/steam/apps/236390/1c094dcb80f565f346c6128cc02a0ce47ba1380a/capsule_231x87.jpg?t=1732089668,Gaijin Entertainment,Gaijin Network Ltd,"Aug 15, 2013","windows, mac, linux",81,"Single-player, Multi-player, MMO, PvP, Online PvP, Co-op, Online Co-op, Cross-Platform Multiplayer, Steam Achievements, Full controller support, VR Supported, In-App Purchases, Remote Play on Phone, Remote Play on Tablet","Action, Massively Multiplayer, Simulation, Free To Play",N/A,http://video.akamai.steamstatic.com/store_trailers/257074701/movie_max_vp9.webm?t=1732007830
252950,Rocket League®,game,0,False,"Rocket league is a high-powered hybrid of arcade-style soccer and vehicular mayhem with easy-to-understand controls and fluid, physics-driven competition. rocket league includes casual and competitive online matches, a fully-featured offline season mode, special “mutators” that let you change the rules entirely, hockey and...",https://shared.akamai.steamstatic.com/store_item_assets/steam/apps/252950/ea81edb46e049da59dc377cd14446a0ceb37b3db/capsule_231x87.jpg?t=1726856715,Psyonix LLC,Psyonix LLC,"Jul 6, 2015","windows, mac, linux",86,"Single-player, Multi-player, PvP, Online PvP, Shared/Split Screen PvP, Co-op, Online Co-op, Shared/Split Screen Co-op, Shared/Split Screen, Cross-Platform Multiplayer, Steam Achievements, Steam Trading Cards, Steam Workshop, Partial Controller Support, Steam Cloud, Stats, Remote Play on Phone, Remote Play on Tablet, Remote Play on TV, Remote Play Together, Family Sharing","Action, Indie, Racing, Sports",N/A,http://video.akamai.steamstatic.com/store_trailers/257056997/movie_max_vp9.webm?t=1726856113
230410,Warframe,game,18,True,Awaken as an unstoppable warrior and battle alongside your friends in this story-driven free-to-play online action game,https://shared.akamai.steamstatic.com/store_item_assets/steam/apps/230410/6736cc421657545d4de7f5b981e955211b8f38e4/capsule_231x87.jpg?t=1732316059,Digital Extremes,Digital Extremes,"25 Mar, 2013","windows, mac, linux",69,"Single-player, Multi-player, Co-op, Online Co-op, Cross-Platform Multiplayer, Steam Achievements, Full controller support, Steam Trading Cards, Steam Workshop, In-App Purchases, Remote Play on Phone, Remote Play on Tablet","Action, RPG, Free To Play",N/A,http://video.akamai.steamstatic.com/store_trailers/257075266/movie_max_vp9.webm?t=1732120948
417910,Street Warriors Online,game,0,False,"First, realistic pvp brawling game for up to 8 vs 8 players with original, dynamic combat system and fast, round based battles. create and develop your character. earn new skills and items that helps you beat your opponents. gather your friends and fight together in a clan.",https://shared.akamai.steamstatic.com/store_item_assets/steam/apps/417910/capsule_231x87.jpg?t=1600256776,Crazy Rocks Studios,Crazy Rocks Studios,"Dec 16, 2016","windows, mac, linux",N/A,"Multi-player, PvP, Online PvP, Steam Achievements, Steam Trading Cards, In-App Purchases, Partial Controller Support, Stats, Family Sharing","Action, Massively Multiplayer, Simulation, Sports",$1.99,http://video.akamai.steamstatic.com/store_trailers/256706885/movie_max.webm?t=1516835859
532210,Life is Strange 2,game,0,True,"After a tragic incident, brothers sean and daniel diaz run away from home. fearing the police, and dealing with daniel's new telekinetic power, the boys head to mexico. each stop on their journey brings new friends and new challenges.",https://shared.akamai.steamstatic.com/store_item_assets/steam/apps/532210/capsule_231x87.jpg?t=1728397855,"DONTNOD Entertainment, Feral Interactive (Mac), Feral Interactive (Linux)","Square Enix, Feral Interactive (Mac), Feral Interactive (Linux)","Sep 26, 2018","windows, mac, linux",N/A,"Single-player, Steam Achievements, Full controller support, Steam Trading Cards, Steam Cloud, Remote Play on Phone, Remote Play on Tablet, Remote Play on TV, Family Sharing",Adventure,N/A,http://video.akamai.steamstatic.com/store_trailers/256768782/movie_max.webm?t=1575411563
1468810,鬼谷八荒 Tale of Immortal,game,0,False,"Tale of immortal is an open-world sandbox based on chinese mythology and cultivation. you will grow to become immortal, conquer the beasts from the classic of mountains and season, make your choices carefully and grasp your own destiny.",https://shared.akamai.steamstatic.com/store_item_assets/steam/apps/1468810/capsule_231x87.jpg?t=1728871943,鬼谷工作室,"鬼谷工作室, Lightning Games","May 26, 2023","windows, mac, linux",N/A,"Single-player, Steam Achievements, Steam Workshop, Steam Cloud, Remote Play on Tablet, Family Sharing","Action, Adventure, Indie, RPG, Simulation",$19.99,http://video.akamai.steamstatic.com/store_trailers/256947330/movie_max_vp9.webm?t=1684322946
1599340,Lost Ark,game,17,True,"Embark on an odyssey for the lost ark in a vast, vibrant world: explore new lands, seek out lost treasures, and test yourself in thrilling action combat in this action-packed free-to-play rpg.",https://shared.akamai.steamstatic.com/store_item_assets/steam/apps/1599340/capsule_231x87.jpg?t=1728605858,Smilegate RPG,Amazon Games,"Feb 11, 2022","windows, mac, linux",N/A,"Single-player, Multi-player, MMO, PvP, Online PvP, Co-op, Online Co-op, Steam Achievements, In-App Purchases, Partial Controller Support","Action, Adventure, Massively Multiplayer, RPG, Free To Play",N/A,http://video.akamai.steamstatic.com/store_trailers/257063939/movie_max_vp9.webm?t=1728605845
477160,Human Fall Flat,game,0,False,"Human fall flat is a hilarious, light-hearted platformer set in floating dreamscapes that can be played solo or with up to 8 players online. free new levels keep its vibrant community rewarded.",https://shared.akamai.steamstatic.com/store_item_assets/steam/apps/477160/80858bce8c92978573aaa0ee19c8787f6e0d5c13/capsule_231x87.jpg?t=1731985400,No Brakes Games,Curve Games,"Jul 22, 2016","windows, mac, linux",70,"Single-player, Multi-player, PvP, Online PvP, Co-op, Shared/Split Screen Co-op, Shared/Split Screen, Steam Achievements, Full controller support, Steam Trading Cards, Steam Workshop, Steam Cloud, Stats, Remote Play on TV, Remote Play Together, Family Sharing","Adventure, Casual, Indie, Simulation",$19.99,http://video.akamai.steamstatic.com/store_trailers/257053945/movie_max_vp9.webm?t=1726149373
1091500,Cyberpunk 2077,game,18,False,"Cyberpunk 2077 is an open-world, action-adventure rpg set in the dark future of night city — a dangerous megalopolis obsessed with power, glamor, and ceaseless body modification.",https://shared.akamai.steamstatic.com/store_item_assets/steam/apps/1091500/capsule_231x87.jpg?t=1730212296,CD PROJEKT RED,CD PROJEKT RED,"9 Dec, 2020","windows, mac, linux",86,"Single-player, Steam Achievements, Full controller support, Steam Trading Cards, Steam Cloud, Family Sharing",RPG,"59,99€",http://video.akamai.steamstatic.com/store_trailers/256987121/movie_max_vp9.webm?t=1701872779
340,Half-Life 2: Lost Coast,game,0,False,"Originally planned as a section of the highway 17 chapter of half-life 2, lost coast is a playable technology showcase that introduces high dynamic range lighting to the source engine.",https://shared.akamai.steamstatic.com/store_item_assets/steam/apps/340/capsule_231x87.jpg?t=1731706635,Valve,Valve,"Oct 27, 2005","windows, mac, linux",N/A,"Single-player, Commentary available, Remote Play Together, Family Sharing",Action,N/A,N/A
550650,Black Squad,game,0,True,"Black squad is a free-to-play military first-person-shooter. players can master their skills and show off their strategies with a wide range of game maps, modes, and weapons to choose from. join thousands of fps players worldwide in one of the most played games on steam!",https://shared.akamai.steamstatic.com/store_item_assets/steam/apps/550650/capsule_231x87.jpg?t=1654048842,"VALOFE, NS STUDIO",VALOFE,"Jun 26, 2019","windows, mac, linux",N/A,"Multi-player, Steam Achievements, Steam Trading Cards, In-App Purchases","Action, Free To Play",N/A,http://video.akamai.steamstatic.com/store_trailers/256683184/movie_max.webm?t=1550657701
901583,Grand Theft Auto IV: Complete Edition,game,17,False,"Please note: microsoft no longer supports creating games for windows-live accounts within grand theft auto iv. you can create an account through and then log into your account in game. this standalone retail title spans three distinct stories, interwoven to create one of the most unique and engaging single-player experiences of this...",https://shared.akamai.steamstatic.com/store_item_assets/steam/apps/901583/capsule_231x87.jpg?t=1728427348,"Rockstar North, Rockstar Toronto",Rockstar Games,,"windows, mac, linux",90,"Single-player, Multi-player, Partial Controller Support","Action, Adventure",N/A,N/A
221100,DayZ,game,17,False,"How long can you survive a post-apocalyptic world? a land overrun with an infected &quot;zombie&quot; population, where you compete with other survivors for limited resources. will you team up with strangers and stay strong together? or play as a lone wolf to avoid betrayal? this is dayz – this is your story.",https://shared.akamai.steamstatic.com/store_item_assets/steam/apps/221100/capsule_231x87.jpg?t=1731955428,Bohemia Interactive,Bohemia Interactive,"Dec 13, 2018","windows, mac, linux",N/A,"Multi-player, MMO, PvP, Online PvP, Co-op, Online Co-op, Steam Achievements, Steam Workshop, Steam Cloud, Valve Anti-Cheat enabled","Action, Adventure, Massively Multiplayer",$49.99,http://video.akamai.steamstatic.com/store_trailers/257026030/movie_max_vp9.webm?t=1716813072
814380,Sekiro™: Shadows Die Twice - GOTY Edition,game,17,False,"Game of the year - the game awards 2019 best action game of 2019 - ign carve your own clever path to vengeance in the award winning adventure from developer fromsoftware, creators of bloodborne and the dark souls series. take revenge. restore your honor. kill ingeniously.",https://shared.akamai.steamstatic.com/store_item_assets/steam/apps/814380/capsule_231x87.jpg?t=1726158438,"FromSoftware, Inc.","Activision (Excluding Japan and Asia), FromSoftware, Inc. (Japan), 方块游戏 (Asia)","21 Mar, 2019","windows, mac, linux",88,"Single-player, Steam Achievements, Full controller support, Steam Trading Cards, Steam Cloud, Remote Play on Tablet, Remote Play on TV, Family Sharing","Action, Adventure",CDN$ 79.99,http://video.akamai.steamstatic.com/store_trailers/256806899/movie_max_vp9.webm?t=1603837979
304050,Trove,game,0,True,"Grab your friends, hone your blades, and set off for an epic procedurally generated adventure in trove! battle the shadow in realms filled with dungeons and items created by your fellow players. whether hunting treasure or building realms of your own, it’s never been this good to be square!",https://shared.akamai.steamstatic.com/store_item_assets/steam/apps/304050/capsule_231x87.jpg?t=1730482735,gamigo US Inc.,gamigo US Inc.,"Jul 9, 2015","windows, mac, linux",N/A,"Multi-player, MMO, PvP, Online PvP, Co-op, Online Co-op, Steam Achievements, Steam Trading Cards, Steam Workshop, In-App Purchases, Partial Controller Support","Action, Adventure, Casual, Massively Multiplayer, RPG, Free To Play",N/A,http://video.akamai.steamstatic.com/store_trailers/257032088/movie_max_vp9.webm?t=1718729219
1245620,ELDEN RING,game,16,False,"The critically acclaimed fantasy action rpg. rise, tarnished, and be guided by grace to brandish the power of the elden ring and become an elden lord in the lands between.",https://shared.akamai.steamstatic.com/store_item_assets/steam/apps/1245620/capsule_231x87.jpg?t=1726158298,"FromSoftware, Inc.","FromSoftware, Inc., Bandai Namco Entertainment","Feb 24, 2022","windows, mac, linux",94,"Single-player, Multi-player, PvP, Online PvP, Co-op, Online Co-op, Steam Achievements, Full controller support, Steam Trading Cards, Steam Cloud, Family Sharing","Action, RPG",$59.99,http://video.akamai.steamstatic.com/store_trailers/256889452/movie_max_vp9.webm?t=1716311566
